title_id	name_id	role_
tt0004287	nm0390676	
tt0004287	nm0704334	
tt0004287	nm0755545	
tt0004287	nm0790360	
tt0004287	nm0848226	
tt0004287	nm0113224	
tt0004287	nm0076673	
tt0004287	nm0106151	
tt0012466	nm0330763	
tt0012466	nm0292810	
tt0012466	nm0829795	
tt0012466	nm0454695	
tt0012466	nm0165661	
tt0012466	nm0932253	
tt0012466	nm1530337	
tt0012468	nm0635667	
tt0012468	nm0629589	
tt0012468	nm0230188	
tt0012468	nm0352443	
tt0012734	nm0534259	
tt0012734	nm0316995	
tt0012734	nm0540485	
tt0012734	nm0247483	
tt0012734	nm0141650	
tt0012734	nm0722425	Bransford Of Rainbow Range
tt0012734	nm0116227	
tt0018811	nm0499548	
tt0018811	nm0371040	
tt0018811	nm0635203	
tt0018811	nm0561857	
tt0018811	nm0804006	
tt0018811	nm0073595	
tt0018811	nm0666201	
tt0018811	nm0207070	
tt0020768	nm0268190	
tt0020768	nm0242041	
tt0020768	nm0868456	
tt0020768	nm0948796	
tt0020768	nm0504443	The Mud Turtle
tt0023071	nm0094106	
tt0023071	nm0326725	
tt0023071	nm0326536	
tt0027155	nm0442664	
tt0027155	nm0252421	
tt0027155	nm0738198	
tt0027155	nm0092051	
tt0027155	nm0259206	
tt0030727	nm0290215	
tt0030727	nm0107575	
tt0030727	nm0402842	
tt0030727	nm0225649	
tt0032256	nm0531776	
tt0032256	nm0248904	
tt0032256	nm0001695	
tt0032256	nm0402842	
tt0033231	nm0854996	
tt0033231	nm0082600	
tt0033231	nm0617527	
tt0033231	nm0452735	
tt0033435	nm0455893	
tt0033435	nm0572142	
tt0033435	nm0941019	
tt0033435	nm0641454	
tt0033435	nm0446763	
tt0033435	nm0686032	
tt0033835	nm1498560	
tt0033835	nm0173416	
tt0034076	nm0004464	
tt0034076	nm0385381	
tt0034076	nm0278692	
tt0034076	nm0509573	
tt0041847	nm0004496	
tt0041847	nm0006428	
tt0041847	nm0002038	
tt0041847	nm0237025	
tt0041847	nm0552552	Smashing The Bookie Gang Marauders
tt0045806	nm0462442	
tt0045806	nm0546444	
tt0045806	nm0857352	
tt0045806	nm0459901	
tt0052507	nm0749476	
tt0052507	nm0778880	
tt0052507	nm0004931	
tt0052507	nm0293659	
tt0052507	nm0002143	
tt0052507	nm0002016	
tt0052507	nm0856533	
tt0052507	nm0124889	
tt0052507	nm0175788	
tt0056193	nm0000051	
tt0056193	nm0001859	
tt0056193	nm0528987	
tt0056193	nm0168324	
tt0058099	nm0048468	
tt0058099	nm0111623	
tt0058099	nm0372242	
tt0058099	nm0000080	
tt0058099	nm0161476	The Second World War
tt0058144	nm0551458	
tt0058144	nm0398466	
tt0058144	nm0176879	
tt0058144	nm0446059	
tt0061156	nm0156453	
tt0061156	nm0523704	
tt0061156	nm1982676	
tt0067896	nm0417797	
tt0067896	nm0001012	
tt0067896	nm0865575	
tt0067896	nm0681566	
tt0081506	nm0423663	
tt0081506	nm0559607	
tt0081506	nm0645011	
tt0081506	nm0633028	
tt0082111	nm0000493	
tt0082111	nm0000527	
tt0082111	nm0696038	
tt0082111	nm0001428	
tt0082779	nm0084642	
tt0082779	nm0001153	
tt0082779	nm0000014	
tt0082779	nm0371040	
tt0092216	nm0781899	
tt0092216	nm0001157	
tt0092216	nm0348747	
tt0092216	nm0849672	
tt0092216	nm0295134	Willy Milly
tt0101356	nm0001640	
tt0101356	nm0000698	
tt0101356	nm0001689	
tt0101356	nm0002332	
tt0103239	nm0000442	
tt0103239	nm0000211	
tt0103239	nm0001040	
tt0103239	nm0001664	
tt0103436	nm0762560	
tt0103436	nm0785594	
tt0103436	nm0912308	
tt0103436	nm0666806	
tt0103436	nm0866055	
tt0103436	nm0730303	
tt0103436	nm0140848	
tt0103436	nm0115198	
tt0103436	nm0201437	
tt0104491	nm0005234	
tt0104491	nm0315288	
tt0104491	nm0748270	
tt0104491	nm0292623	
tt0105929	nm0300752	
tt0105929	nm0766837	
tt0105929	nm0525921	
tt0105929	nm0768018	
tt0105929	nm0925930	
tt0105929	nm0001363	
tt0105929	nm0496478	
tt0105929	nm0861664	
tt0105929	nm0605283	
tt0105929	nm0539095	
tt0106879	nm0086924	
tt0106879	nm0186567	
tt0106879	nm0545838	
tt0106879	nm0135480	
tt0111341	nm0896902	
tt0111341	nm0395814	
tt0111341	nm0269841	
tt0111341	nm0022034	
tt0111341	nm0470004	SÃ¡tÃ¡ntangÃ³
tt0113419	nm0769136	
tt0113419	nm0514342	
tt0113419	nm0001080	
tt0113419	nm0420955	
tt0115525	nm0630384	
tt0115525	nm0576000	
tt0115525	nm0929745	
tt0119545	nm0299122	
tt0119545	nm0810101	
tt0119545	nm0279896	
tt0119545	nm0247611	
tt0123119	nm0450417	
tt0123119	nm0774399	
tt0123119	nm0496805	
tt0123119	nm1313283	
tt0140791	nm0513190	
tt0140791	nm0000771	
tt0140791	nm0756083	
tt0140791	nm0367962	
tt0146161	nm0510928	
tt0146161	nm0199797	
tt0146161	nm0189125	
tt0146161	nm0668331	
tt0191915	nm0000435	
tt0191915	nm0000236	
tt0191915	nm0339304	
tt0191915	nm0001252	
tt0231402	nm0001357	
tt0231402	nm0468957	
tt0231402	nm0122716	
tt0231402	nm0052186	
tt0275410	nm0828288	
tt0275410	nm0502653	
tt0275410	nm0281390	
tt0275410	nm2948218	
tt0298351	nm0138078	
tt0298351	nm0638824	
tt0298351	nm0648025	
tt0298351	nm0044078	
tt0404112	nm0061055	
tt0438299	nm1827158	
tt0438299	nm1795384	
tt0438299	nm1800912	
tt0438299	nm1824148	
tt0480786	nm2064068	
tt0480786	nm0060169	
tt0480786	nm2071400	
tt0480786	nm2065330	
tt0485763	nm1245276	
tt0485763	nm1216694	
tt0485763	nm1468588	
tt0485763	nm0317737	
tt0485763	nm0517034	
tt0485763	nm0868381	
tt0485763	nm1194281	
tt0485763	nm1758562	
tt0485763	nm1714943	
tt0509174	nm1115636	
tt0509174	nm1965007	
tt0509174	nm1187181	
tt0509174	nm1275259	
tt0509174	nm1229677	
tt0509174	nm0222989	
tt0531760	nm0331577	
tt0542797	nm0026536	
tt0542797	nm0110106	
tt0542797	nm1554505	
tt0542797	nm0002054	
tt0542797	nm0788939	
tt0544769	nm1351646	
tt0544769	nm0565286	
tt0544769	nm1009506	
tt0544769	nm0606547	
tt0560565	nm0794918	
tt0560565	nm0000933	
tt0560565	nm0206660	
tt0560565	nm1573436	
tt0560565	nm0717650	
tt0560565	nm0906627	
tt0586518	nm1573063	
tt0586518	nm0105860	
tt0586518	nm1408453	
tt0586518	nm1011209	
tt0586518	nm0428309	
tt0586518	nm0445979	
tt0586518	nm0455316	
tt0603673	nm0168017	
tt0603673	nm0660654	
tt0603673	nm0932510	
tt0603673	nm0164838	
tt0603673	nm0225700	
tt0603673	nm0638066	
tt0603673	nm0860003	
tt0603673	nm0904149	
tt0625830	nm0004856	
tt0625830	nm0004805	
tt0625830	nm0000369	
tt0625830	nm0000378	
tt0634385	nm0796093	
tt0634385	nm0694978	
tt0634385	nm1411023	
tt0634385	nm0483942	
tt0634385	nm0889805	
tt0639043	nm0054697	
tt0639043	nm0129976	
tt0639043	nm0301433	
tt0639043	nm1221047	
tt0661935	nm0246675	
tt0661935	nm0423671	
tt0661935	nm0713716	
tt0661935	nm1581754	
tt0669475	nm2085144	
tt0677313	nm0438055	
tt0677313	nm0738359	
tt0677313	nm0805573	
tt0677313	nm0894728	
tt0679389	nm1599777	
tt0679524	nm1492045	
tt0702506	nm0191318	
tt0702506	nm0270573	
tt0702506	nm1795801	
tt0702506	nm0387136	
tt0702506	nm0396992	
tt0702506	nm0429909	
tt0702506	nm0819491	
tt0702506	nm1552390	
tt0715639	nm0634553	
tt0715639	nm1405339	
tt0715639	nm2908439	
tt0715639	nm1927921	
tt0715639	nm1481044	
tt0715639	nm1736465	
tt0715639	nm0422303	
tt0715639	nm1874658	
tt0724921	nm0564358	
tt0724921	nm0838047	
tt0724921	nm0000734	
tt0724921	nm0004746	
tt0724921	nm0001098	
tt0724921	nm0254153	
tt0724921	nm0498007	
tt0728066	nm0001992	
tt0728066	nm0005143	
tt0728066	nm0573012	
tt0728066	nm0786341	
tt0729917	nm1357042	
tt0730476	nm7013598	
tt0730476	nm0767675	
tt0730476	nm7013597	
tt0730476	nm1613276	
tt0730476	nm3186730	
tt0730476	nm0696383	
tt0730476	nm1111010	
tt0730476	nm1380472	
tt0730551	nm0154961	
tt0730551	nm0061031	
tt0730551	nm0243686	
tt0730551	nm0723771	
tt0730551	nm1809094	
tt0730551	nm0324137	
tt0730551	nm0187333	
tt0730551	nm0249509	
tt0735452	nm1593523	
tt0745724	nm0000507	
tt0745724	nm0000330	
tt0745724	nm0384211	
tt0745724	nm0005049	
tt0754072	nm1778794	
tt0754072	nm1779144	
tt0754072	nm0866691	
tt0754072	nm0170115	
tt0766662	nm1209266	
tt0766662	nm1778302	
tt0766662	nm0536406	
tt0785730	nm1195056	
tt0810660	nm3046221	
tt0810660	nm0001468	
tt0810660	nm0507659	
tt0810660	nm0005310	
tt0814194	nm0291349	
tt0814194	nm0000799	
tt0814194	nm0000885	
tt0814194	nm0004737	
tt0814194	nm0000996	
tt0814194	nm0166482	
tt0814194	nm0189428	
tt0824581	nm0873840	
tt0824581	nm0736872	
tt0824581	nm0008640	
tt0824581	nm0166303	
tt0824581	nm0395649	
tt0824581	nm0714117	
tt0824581	nm0744786	
tt0835622	nm1284907	
tt0835622	nm1518634	
tt0835622	nm0305132	
tt0835622	nm0303599	
tt0835622	nm1133949	
tt0835622	nm1595632	
tt0835622	nm0596925	
tt0835622	nm0581960	
tt0835622	nm1365217	
tt0840151	nm2169454	
tt0876344	nm0770971	
tt0876344	nm0083907	
tt0876344	nm0098093	
tt0876344	nm1076280	
tt0876344	nm0180336	
tt0876344	nm2411413	
tt0876344	nm1012993	
tt0876344	nm0241607	
tt0876344	nm2420493	
tt0876344	nm0583701	
tt0885761	nm0274750	
tt0885761	nm0227003	
tt0885761	nm0431420	
tt0885761	nm0495799	
tt0885761	nm1625795	
tt0885761	nm1855695	
tt0885761	nm0479412	
tt0900259	nm0092188	
tt0900259	nm0185954	
tt0900259	nm0482987	
tt0900259	nm0422056	
tt0900259	nm0030022	
tt0900259	nm0048468	
tt0951059	nm0000752	
tt0951059	nm0035930	
tt0951059	nm0121826	
tt0951059	nm0179654	
tt0967148	nm0487399	
tt0967148	nm0248371	
tt0967148	nm0162100	
tt0967148	nm0265818	
tt0967148	nm0892861	
tt0967148	nm0032955	
tt0967148	nm0266723	
tt0967148	nm0275002	
tt0987770	nm0501726	
tt0987770	nm0897333	
tt0987770	nm0217015	
tt0987770	nm0138493	
tt0995543	nm0739175	
tt0995543	nm1697701	
tt0995543	nm2621335	
tt0995543	nm2622000	
tt10010282	nm10542850	
tt10010282	nm5091791	
tt10010282	nm4648769	
tt10010282	nm10542848	
tt10010282	nm10542854	
tt10010282	nm10542851	
tt10010282	nm10542852	
tt10010282	nm10542847	
tt10010282	nm10542849	
tt10024268	nm9505933	
tt10024268	nm7207149	
tt10024268	nm8461080	
tt10032880	nm1118516	
tt10032880	nm1801750	
tt10032880	nm3138542	
tt10032880	nm3166643	
tt10061228	nm7771112	
tt10061228	nm1294558	
tt10061228	nm9844618	
tt10074880	nm5123651	
tt10074880	nm1585698	
tt10074880	nm9943928	
tt10074880	nm9435844	
tt10074880	nm13554615	
tt10076144	nm3198229	
tt10076144	nm8744024	
tt10076144	nm9505933	
tt10076144	nm3256676	
tt10083402	nm4907662	
tt10083402	nm4908166	
tt10083402	nm9618370	
tt10083402	nm9878298	
tt10083854	nm3198229	
tt10083854	nm8744024	
tt10083854	nm9505933	
tt10083854	nm3256676	
tt10114274	nm5411856	
tt10114274	nm0474604	
tt10114274	nm4336825	
tt10118650	nm5411856	
tt10118650	nm0474604	
tt10118650	nm4336825	
tt10151784	nm4688674	
tt10151784	nm0299924	
tt10151784	nm1206307	
tt10151784	nm5067820	
tt10205840	nm4443502	
tt10205840	nm2127745	
tt10205840	nm7787949	
tt10205840	nm4927475	
tt10205840	nm8609356	
tt10221428	nm0593411	
tt10221428	nm0787317	
tt10221428	nm0886469	
tt10255260	nm4478061	
tt10255260	nm0731533	
tt10255260	nm0826888	
tt10255260	nm1476939	
tt10255260	nm1712157	
tt10255260	nm4334410	
tt10255260	nm1670678	
tt10255260	nm4711340	
tt10310318	nm0045119	
tt10310318	nm5012632	
tt10310318	nm3050219	
tt10310318	nm8994245	
tt10310318	nm12650050	
tt10347270	nm13649472	
tt10347270	nm2412054	
tt10347270	nm5876095	
tt10355058	nm6236879	
tt10355058	nm0424035	
tt10355058	nm1591666	
tt10355058	nm4348660	
tt1035997	nm0590298	
tt1035997	nm0111405	
tt1035997	nm0844983	
tt1035997	nm1526347	
tt10360640	nm0477222	
tt10360640	nm0657080	
tt10360640	nm0910709	
tt10360640	nm0947803	
tt10382782	nm6817849	
tt10382782	nm1995105	
tt10382782	nm3072445	
tt10414336	nm0764156	
tt10414336	nm0721287	
tt10448474	nm1421364	
tt10448474	nm2091678	
tt10511664	nm0012476	
tt10511664	nm0162094	
tt10511664	nm0311215	
tt10511664	nm0865945	
tt10542364	nm1728214	
tt10542364	nm0063001	
tt10542364	nm1856080	
tt10542364	nm2580242	
tt10542364	nm0632570	
tt1058898	nm1534954	
tt1058898	nm0094686	
tt1058898	nm0475354	
tt1058898	nm0679516	
tt10629786	nm3772224	
tt10629786	nm8370300	
tt10660118	nm3680658	
tt10660118	nm11718095	
tt10660118	nm4983186	
tt10660118	nm4276694	
tt10700110	nm0026994	
tt10700110	nm0129161	
tt10700110	nm0132455	
tt10700110	nm0171166	
tt10702044	nm1591160	
tt10711068	nm0026994	
tt10711068	nm0000842	
tt10711068	nm0132455	
tt10711068	nm0171166	
tt10734006	nm0066075	
tt10734006	nm0438478	
tt10734006	nm0790858	
tt1074870	nm2517434	
tt1074870	nm1751245	
tt1074870	nm0593147	
tt1074870	nm2110021	
tt1074870	nm1102913	
tt1074870	nm1690002	
tt1074870	nm0664892	
tt1074870	nm1746521	
tt10753060	nm3866466	
tt10753060	nm5014030	
tt10756456	nm0599840	
tt1075856	nm3393716	
tt1075856	nm0350629	
tt1075856	nm3166514	
tt1075856	nm3782988	
tt10776302	nm0063124	
tt10776302	nm0188797	
tt10776302	nm0931292	
tt10776302	nm0146264	
tt10785766	nm10117174	
tt10822460	nm0677838	
tt10827638	nm8692433	
tt10827638	nm8236859	
tt10827638	nm2894638	
tt10827638	nm10145956	
tt1086055	nm0038868	
tt1086055	nm0000489	
tt1086055	nm0909259	
tt1086055	nm0859599	
tt1086055	nm0792605	
tt1086055	nm0001379	
tt1086055	nm0001888	
tt10884952	nm1951175	
tt10884952	nm5550033	
tt10884952	nm5016474	
tt10884952	nm8850464	
tt10887958	nm0156143	
tt10887958	nm1000842	
tt10887958	nm1758949	
tt10887958	nm1098024	
tt10887958	nm0555404	
tt1090402	nm1409956	
tt1090402	nm0174768	
tt1090402	nm0227905	
tt1090402	nm0291785	
tt10919898	nm0035365	
tt10919898	nm9083519	
tt10919898	nm6149848	
tt11006738	nm10419960	
tt11006738	nm2191068	
tt11006738	nm0916563	
tt11014934	nm5438441	
tt11014934	nm3393633	
tt11014934	nm4434202	
tt11016546	nm5388057	
tt11016546	nm1763035	
tt11016546	nm4707241	
tt11016546	nm0799226	
tt11035538	nm7787948	
tt11035538	nm3246201	
tt11035538	nm7172763	
tt1103661	nm1251941	
tt1103661	nm0138966	
tt1103661	nm1354802	
tt1103661	nm0241717	
tt1103661	nm0272581	
tt1103661	nm1378329	
tt1103661	nm1083271	
tt1103661	nm1433641	
tt1103661	nm1088509	
tt1104814	nm0853079	
tt1104814	nm0152615	
tt1104814	nm2258245	
tt1104814	nm0131811	
tt11123436	nm2639935	
tt11123436	nm1875257	
tt11123436	nm2668099	
tt11123436	nm7690349	
tt11139230	nm5796652	
tt11139230	nm5796653	
tt11211296	nm1167594	
tt11211296	nm0451383	
tt11211296	nm0883305	
tt11211296	nm0657184	
tt11211296	nm0348490	
tt11211296	nm0022758	
tt11218428	nm1076584	
tt11218428	nm5618542	
tt11218428	nm1226885	
tt11218428	nm3635481	
tt11268312	nm7395332	
tt11268312	nm3041281	
tt11268312	nm2934306	
tt11268312	nm2486264	
tt11308488	nm11118792	
tt11315594	nm12565240	
tt11317654	nm1273350	
tt11317654	nm2266086	
tt11317654	nm6963175	
tt11317654	nm0639297	
tt11324422	nm0896628	
tt11324422	nm1517561	
tt11324422	nm2521592	
tt11324422	nm0759992	
tt11327514	nm0079273	
tt11327514	nm6096118	
tt11327514	nm0531589	
tt11327514	nm0001872	
tt11386224	nm4115413	
tt11386224	nm4706056	
tt11386224	nm8659018	
tt11409718	nm1417876	
tt11419438	nm4198078	
tt11419438	nm5433872	
tt11419438	nm1632793	
tt11419438	nm3691431	
tt1142952	nm0931354	
tt1142952	nm1518442	
tt1142952	nm3109410	
tt1142952	nm1747011	
tt1142952	nm0640734	
tt1142952	nm0756929	
tt1142952	nm0001846	
tt11448536	nm5278976	
tt11448536	nm8421323	
tt11448536	nm2450386	
tt11448536	nm6044057	
tt11448536	nm4735266	
tt11448536	nm1296124	
tt11448536	nm7877601	
tt11448536	nm1701992	
tt11448536	nm0874339	
tt11448536	nm4914543	
tt11450414	nm8850134	
tt11450414	nm4191651	
tt11450414	nm9868649	
tt11477022	nm0368990	
tt11477022	nm1242387	
tt11477022	nm8727954	
tt11479774	nm0154653	
tt11479774	nm3869065	
tt11479774	nm2117833	
tt11479774	nm1387331	
tt11480682	nm7590642	
tt11480682	nm7812857	
tt11480682	nm5068824	
tt11480682	nm11641028	
tt11482832	nm1320657	
tt11501054	nm1006879	
tt11501054	nm0086984	
tt11519678	nm1155015	
tt11519678	nm6482993	
tt11519678	nm2709512	
tt11519678	nm4651816	
tt11534594	nm3177428	
tt11534594	nm11031480	
tt11534594	nm1940831	
tt11534594	nm2122042	
tt11534594	nm1934452	
tt11563640	nm1972944	
tt11649302	nm9356184	
tt11649302	nm9487192	
tt11675832	nm6334713	
tt11675832	nm3060501	
tt11675832	nm2426242	
tt11675832	nm3221617	
tt11675832	nm9161729	
tt11675832	nm2118834	
tt11675832	nm6283796	
tt11675832	nm5623256	
tt11675832	nm8545864	
tt11675832	nm4111707	
tt11688164	nm10824672	
tt11688164	nm5495638	
tt11688164	nm12358662	
tt11695498	nm0835028	
tt11695498	nm0385668	
tt11695498	nm0570975	
tt11695498	nm0255339	
tt11695498	nm0686029	
tt11695498	nm0394978	
tt11734528	nm0044260	
tt11747434	nm0637680	
tt11747434	nm1970113	
tt11747434	nm0199226	
tt11747434	nm1992638	
tt11747434	nm10688733	
tt11761798	nm10109317	
tt11761798	nm8119219	
tt11766400	nm7395332	
tt11766400	nm5645692	
tt11766400	nm10862251	
tt11767676	nm2434577	
tt11794410	nm0637680	
tt11794410	nm1970113	
tt11794410	nm0199226	
tt11794410	nm1992638	
tt11794410	nm10688733	
tt1181216	nm0534779	
tt1181216	nm0278306	
tt1181216	nm0057368	
tt1181216	nm0183904	
tt1181216	nm0359409	
tt1181216	nm2677135	
tt1181216	nm2799312	
tt1181216	nm0730394	
tt11817944	nm6159120	
tt11817944	nm1675246	
tt11817944	nm0790202	
tt11817944	nm0535295	
tt11817944	nm1459730	
tt11817944	nm0342578	
tt11817944	nm0015531	
tt11817944	nm0947236	
tt11817944	nm1493644	
tt11817944	nm0467021	
tt11825458	nm0159134	
tt11833162	nm8361677	
tt11833162	nm8611397	
tt11833162	nm5387033	
tt11851422	nm6117010	
tt11851422	nm0000967	
tt11851422	nm0171218	
tt11851422	nm0203301	
tt11851422	nm0004872	
tt11851422	nm0235112	
tt11851422	nm0258360	
tt11851422	nm0878951	
tt11851422	nm0910535	
tt11903570	nm0759076	
tt11903570	nm0860441	
tt11903570	nm0172056	
tt11903570	nm0507431	
tt11903688	nm3100875	
tt11903688	nm3100902	
tt11903688	nm3100977	
tt11903700	nm0368333	
tt11903700	nm0951133	
tt11903700	nm0451802	
tt11903700	nm0044293	
tt1192654	nm1643380	
tt1192654	nm1992190	
tt1192654	nm0869978	
tt11938052	nm0759076	
tt11938052	nm0860441	
tt11938052	nm0172056	
tt11938052	nm0507431	
tt11948722	nm6006882	
tt11948722	nm1010797	
tt11948722	nm0408317	
tt11948722	nm2328812	
tt11993120	nm4441747	
tt12052500	nm0782841	
tt12052500	nm0256607	
tt12052500	nm0840642	
tt12052500	nm0463813	
tt12052500	nm1114802	
tt1205862	nm0388681	
tt1205862	nm0434163	
tt1205862	nm2149959	
tt1205862	nm0322139	
tt1205862	nm1450390	
tt1205862	nm2834012	
tt1205862	nm0742273	
tt1205862	nm2190872	
tt1205862	nm0903111	
tt1208180	nm0289710	
tt1208180	nm0191520	
tt1208180	nm0089454	
tt12097812	nm4414615	
tt12097812	nm11475936	
tt12097812	nm3766600	
tt12097812	nm7176962	
tt12145198	nm0528425	
tt12145198	nm0120326	
tt1215791	nm1787627	
tt1215791	nm7113264	
tt1215791	nm0547644	
tt12162614	nm0603083	
tt12162614	nm0209245	
tt12162614	nm0679233	
tt12162614	nm4307870	
tt12167680	nm0685123	
tt12167680	nm7396026	
tt12167680	nm7684077	
tt12167680	nm2842678	
tt12167680	nm0243476	Ãramos Seis
tt12185676	nm0013793	
tt12185676	nm1204735	
tt12185676	nm0643732	
tt12185676	nm0945813	
tt1220214	nm0836343	
tt1220214	nm2008435	
tt1220214	nm0993242	
tt1220214	nm0758411	
tt12244308	nm0657145	
tt12244308	nm0472454	
tt12244308	nm1266427	
tt12244308	nm0938739	
tt1227403	nm2998784	
tt1227403	nm0924130	
tt1227403	nm1023938	
tt1227403	nm1017163	
tt1227403	nm0079815	
tt1227403	nm0092639	
tt1227403	nm0114603	
tt1227403	nm0171949	
tt12301068	nm0196466	
tt12301068	nm0657145	
tt12301068	nm1801973	
tt12301068	nm1680209	
tt12315772	nm7550132	
tt12329366	nm0485487	
tt12355050	nm1188012	
tt12370626	nm0005419	
tt12370626	nm0370257	
tt12376172	nm0886691	
tt12376172	nm0807109	
tt12376172	nm0771070	
tt12389846	nm11644002	
tt12389846	nm5985639	
tt12389846	nm8849686	
tt12389846	nm0021675	
tt12389846	nm11643760	
tt12389846	nm0110928	
tt12389846	nm11841515	
tt12389846	nm11789647	
tt12389846	nm6299694	
tt12404534	nm4332771	
tt12404534	nm6662430	
tt12404534	nm6857174	
tt12404534	nm3406682	
tt12411108	nm0228457	
tt12411108	nm3701409	
tt12411108	nm0188533	
tt12411108	nm0461032	
tt12411108	nm0515909	
tt12412470	nm2320146	
tt12412470	nm1545410	
tt12430108	nm0005419	
tt12430108	nm0370257	
tt12462560	nm0387617	
tt12462560	nm0746709	
tt12470532	nm2708412	
tt12507052	nm7287281	
tt12507052	nm4824204	
tt12507052	nm4490004	
tt12507052	nm3650388	
tt12507052	nm3221316	
tt12507052	nm4001362	
tt12507052	nm4581068	
tt12507052	nm4234608	
tt12507052	nm2218723	
tt12525718	nm2755092	
tt12525718	nm10586571	
tt12525718	nm11665972	
tt12525718	nm4922675	
tt12525718	nm11665973	
tt12525718	nm11665974	
tt12525718	nm11665975	
tt12578108	nm1702573	
tt12590964	nm11433745	
tt12610408	nm11646596	
tt12610408	nm6077165	
tt12613194	nm11482202	
tt1267743	nm1426628	
tt1267743	nm1659972	
tt1267743	nm1411610	
tt1267743	nm1732085	
tt1267743	nm0655759	
tt12717670	nm1280119	
tt12717670	nm2196882	
tt12717670	nm11738203	
tt12717670	nm5500918	
tt12724374	nm0939056	
tt12724374	nm0648665	
tt12724374	nm1167123	
tt12724374	nm1169881	
tt1272722	nm2076554	
tt1272722	nm0015769	
tt1272722	nm1471935	
tt1272722	nm0229302	
tt1272722	nm0460734	
tt1272722	nm0464710	
tt1272722	nm0515541	
tt12753538	nm9712004	
tt12753538	nm2526341	
tt12753538	nm3928718	
tt12753538	nm4625232	
tt12753538	nm3399189	
tt12753538	nm10359915	
tt12753538	nm1701992	
tt12753538	nm4735083	
tt12753538	nm11059593	
tt12753538	nm0874339	
tt12822258	nm0174030	
tt12822258	nm0282535	
tt12822258	nm0561928	
tt12860486	nm0447337	
tt12860486	nm1456580	
tt12860486	nm0444146	
tt12860486	nm0454593	
tt12860486	nm0461547	
tt12909894	nm1091813	
tt12909894	nm0080107	
tt12909894	nm0874656	
tt12909894	nm0323320	
tt12909894	nm1213676	
tt12909894	nm1213215	
tt12909894	nm1214079	
tt12909894	nm1214623	
tt12909894	nm1212490	
tt12909894	nm1212965	
tt12926310	nm0116573	
tt12926310	nm0203613	
tt1293222	nm0048220	
tt1293222	nm0119003	
tt1293222	nm0133597	
tt1293222	nm1494938	
tt12969738	nm11841564	
tt12969738	nm11841565	
tt12969738	nm11841205	
tt12969738	nm11839056	
tt12969738	nm11839057	
tt12969738	nm5175654	
tt12969738	nm11841072	
tt12969738	nm8376880	
tt12969738	nm11839052	
tt12969738	nm11841883	
tt12972546	nm2013463	
tt12989082	nm0864436	
tt13013496	nm0864436	
tt13039804	nm11864991	
tt13039804	nm11871359	
tt13039804	nm11844438	
tt13039804	nm11844434	
tt13039804	nm11844435	
tt13039804	nm11844436	
tt13039804	nm5175654	
tt13039804	nm11873432	
tt13039804	nm9558298	
tt13039804	nm11871358	
tt13076782	nm2376141	
tt13076782	nm0096099	
tt13076782	nm2743353	
tt13076782	nm2377665	
tt13105172	nm2069474	
tt13105172	nm3132250	
tt13105172	nm10976207	
tt13105172	nm2077513	
tt13105172	nm10176786	
tt13165642	nm0428360	
tt13231850	nm0004882	
tt13245588	nm0004957	
tt1324793	nm0825212	
tt13259794	nm6642750	
tt13259794	nm11071493	
tt13259794	nm0373434	
tt13259794	nm5496632	
tt13259794	nm7290094	
tt13259794	nm5243229	
tt13259794	nm9626367	
tt13280430	nm11980899	
tt13280430	nm11980897	
tt13280430	nm11980898	
tt13280430	nm11980896	
tt13282408	nm3134341	
tt13282408	nm5526298	
tt13282408	nm4823076	
tt13282408	nm1450429	
tt13291566	nm0001992	
tt13291566	nm0573012	
tt13301552	nm0001992	
tt13301552	nm0573012	
tt13345624	nm0004804	
tt13345624	nm1812287	
tt13345624	nm0336426	
tt13345624	nm3587540	
tt13345624	nm1757601	
tt13345624	nm11621530	
tt13373242	nm0001468	
tt13375278	nm6915294	
tt13375278	nm3960963	
tt1339724	nm2766691	
tt1339724	nm0598257	
tt1339724	nm0124240	
tt1339724	nm0178088	
tt1339724	nm2166391	
tt1339724	nm0533914	
tt1339724	nm0570975	
tt1339724	nm3564483	
tt13405980	nm1162391	
tt13428502	nm7889237	
tt13428502	nm10392762	
tt13467826	nm0741299	
tt13475040	nm0005092	
tt13500442	nm1313509	
tt13500442	nm0032643	
tt13518240	nm0005092	
tt13519242	nm0005092	
tt13527162	nm0403142	
tt13527162	nm0109604	
tt13529008	nm0537648	
tt13529008	nm0341737	
tt13529008	nm7592245	
tt13529008	nm0992370	
tt13538698	nm0403142	
tt13538698	nm0109604	
tt13546810	nm0672094	
tt13548788	nm0403142	
tt13548788	nm0109604	
tt13562588	nm12106753	
tt13562588	nm3340165	
tt13562588	nm12109423	
tt13562588	nm0354560	
tt13562588	nm2323311	
tt13562588	nm5619822	
tt13562588	nm0410914	
tt13562588	nm6046356	
tt13562588	nm6623474	
tt13562588	nm6655890	
tt13578912	nm0005092	
tt13588544	nm0717265	
tt13588544	nm0010075	
tt13588544	nm0019172	
tt13588544	nm0004817	
tt13588544	nm0177085	
tt13588544	nm0370905	
tt13588544	nm0432152	
tt13588544	nm0606691	
tt13588544	nm0005302	
tt13588544	nm0005340	
tt13601996	nm0646021	
tt13627112	nm4866340	
tt13627112	nm11229377	
tt13627112	nm11444222	
tt13627112	nm4780307	
tt13627112	nm12139419	
tt13627112	nm12139420	
tt13647920	nm0710497	
tt13658744	nm0001856	
tt13663336	nm0520064	
tt13712442	nm8157909	
tt13730868	nm1227121	
tt1375039	nm0094828	
tt1375039	nm0670964	
tt1375039	nm0580664	
tt1375039	nm0545352	
tt13755484	nm1403536	
tt13769270	nm11404706	
tt13769270	nm3642396	
tt13769270	nm9882098	
tt13769270	nm9944887	
tt13777200	nm0080511	
tt1377906	nm0261957	
tt1377906	nm0124370	
tt1377906	nm0472694	
tt1377906	nm0078452	
tt1377906	nm0128841	
tt13785082	nm3628491	
tt13787726	nm7470732	
tt13787726	nm3536596	
tt13787726	nm11618924	
tt13787726	nm6384480	
tt13787726	nm9459570	
tt13787726	nm11566936	
tt13800822	nm10735464	
tt13800822	nm7294633	
tt13802658	nm12214752	
tt13802658	nm0000047	
tt13802658	nm0690642	
tt13805506	nm1367099	
tt13894738	nm12240255	
tt13894738	nm0081322	
tt13894738	nm3987270	
tt13894738	nm0307591	
tt13947440	nm11331224	
tt13947440	nm7260278	
tt13947440	nm1654579	
tt13947440	nm3726640	
tt13952706	nm12159740	
tt13952706	nm1895832	
tt13952706	nm3084338	
tt13965854	nm1514271	
tt13965854	nm0790858	
tt13965854	nm2777374	
tt13967704	nm0154688	
tt13967704	nm0000367	
tt13988978	nm5042664	
tt1405894	nm0775326	
tt14084330	nm2679466	
tt14084330	nm8910594	
tt14084330	nm5913454	
tt14084330	nm8967452	
tt14084330	nm8761191	
tt14084330	nm7821126	
tt14084330	nm0269487	
tt14084330	nm10293200	
tt1414984	nm6754086	
tt14263586	nm8209759	
tt14263586	nm1905605	
tt14263586	nm4481716	
tt14263586	nm4177156	
tt14263586	nm8194678	
tt14263586	nm8260595	
tt14313896	nm0080426	
tt14313896	nm4706056	
tt14313896	nm10618545	
tt14313896	nm8487914	
tt14352612	nm10344407	
tt14352612	nm9450804	
tt14352612	nm10230330	
tt14352612	nm0784854	
tt14352612	nm10189507	
tt14381808	nm10114485	
tt14381808	nm1335616	
tt14381808	nm8119219	
tt14381808	nm7309933	
tt14381808	nm5241810	
tt14381808	nm3013513	
tt14387314	nm11482732	
tt1442163	nm0083907	
tt1442163	nm0094531	
tt1442163	nm3473040	
tt1442163	nm1189036	
tt14485310	nm10848380	
tt14485310	nm10572662	
tt14527942	nm0448188	
tt14527942	nm2105751	
tt14527942	nm1449900	
tt14527942	nm0546816	
tt14553290	nm1481457	
tt14553290	nm5937050	
tt14553290	nm6134772	
tt14553290	nm1795761	
tt14566682	nm1882837	
tt14566682	nm7129302	
tt14566682	nm0045119	
tt14566682	nm10485836	
tt14574252	nm1868948	
tt14574252	nm1426653	
tt14574252	nm2400112	
tt14574252	nm1942846	
tt14574252	nm1951951	
tt14574252	nm1903761	
tt14574252	nm1927030	
tt14574252	nm1444659	
tt14574252	nm1235452	
tt14617520	nm12491316	
tt14647428	nm9530205	
tt14647428	nm2172911	
tt14647428	nm8989669	
tt14647428	nm10021393	
tt14688868	nm0542510	
tt14688868	nm1127071	
tt14688868	nm3407985	
tt14688868	nm8359820	
tt14714112	nm1461118	
tt14714112	nm13163847	
tt14714112	nm8002135	
tt14717518	nm11534291	
tt14717518	nm12112560	
tt14717518	nm0419691	
tt14717518	nm8165203	
tt14777456	nm10509380	
tt14777456	nm12578816	
tt14777456	nm10543506	
tt1478365	nm3405777	
tt1478365	nm2532644	
tt1478365	nm3550276	
tt1478365	nm1869383	
tt14857882	nm6758613	
tt14857882	nm0712740	
tt14857882	nm1871579	
tt14857882	nm5360375	
tt1486279	nm0165639	
tt1486279	nm2320187	
tt1486279	nm0093198	
tt1486279	nm0100412	
tt1486279	nm2596029	
tt1486279	nm0163132	
tt14867108	nm0793554	
tt14867108	nm0644524	
tt14867108	nm0794054	
tt14867108	nm0394677	
tt14867108	nm0442815	
tt14867108	nm0847313	
tt14878338	nm0039602	
tt14878338	nm0441972	
tt14878338	nm0557951	
tt14878338	nm0847141	
tt14878338	nm0634595	
tt14878338	nm0766073	
tt14878338	nm0619077	
tt14900044	nm7625530	
tt14924402	nm12698883	
tt14932260	nm0301460	
tt14932260	nm0140077	
tt14932260	nm1434829	
tt14941164	nm0588430	
tt14941164	nm1167354	
tt14941164	nm1275172	
tt14941164	nm12712154	
tt14941164	nm0238610	
tt14941164	nm1382814	
tt14941164	nm1566456	
tt14941164	nm0991700	
tt14941164	nm0312532	
tt14941164	nm0501451	
tt14947852	nm10891041	
tt14947852	nm10738520	
tt14947852	nm12375195	
tt14947852	nm10738443	
tt1496111	nm2194314	
tt1496111	nm0294393	
tt1496950	nm0154409	
tt1496950	nm0518312	
tt1496950	nm0294240	
tt1496950	nm0846548	
tt14977878	nm0032643	
tt14977878	nm1315733	
tt15045974	nm0760848	
tt15062620	nm10727915	
tt15062620	nm1804505	
tt15062620	nm11034341	
tt15062620	nm11031899	
tt15079764	nm9053334	
tt15079764	nm9099183	
tt15081666	nm8620566	
tt1510199	nm3259270	
tt1510199	nm3282613	
tt1510199	nm3283053	
tt1510199	nm3283285	
tt15116138	nm1665577	
tt15116138	nm3916405	
tt15116138	nm7214195	
tt15116138	nm0990442	
tt15116138	nm3311578	
tt1512027	nm3614605	
tt1512027	nm3247526	
tt1512027	nm0890118	
tt15136786	nm0032643	
tt15141866	nm0207338	
tt15141866	nm0207344	
tt1515163	nm3620392	
tt1515163	nm3624035	
tt1515163	nm0142584	
tt1515163	nm3623762	
tt15177072	nm1313509	
tt15192808	nm0171001	
tt15192808	nm0064575	
tt15192808	nm0400586	
tt15201774	nm1401907	
tt15242156	nm4133665	
tt15246520	nm3826010	
tt1524988	nm0590765	
tt1524988	nm0000264	
tt1524988	nm0031542	
tt1524988	nm0430517	
tt1524988	nm0026097	
tt15264936	nm0269786	
tt15287942	nm2719462	
tt15287942	nm1540765	
tt15297046	nm1346341	
tt15297046	nm12418249	
tt15297046	nm11482031	
tt15297046	nm10230242	
tt15303080	nm0596397	
tt15303080	nm1490319	
tt15303080	nm0886833	
tt15303080	nm4300606	
tt15305438	nm2719462	
tt15305438	nm12079171	
tt15316882	nm6181328	
tt15316882	nm7207149	
tt15316882	nm6004811	
tt15316882	nm9435790	
tt1533526	nm0935183	
tt15347756	nm0163863	
tt15347756	nm0333778	
tt15347756	nm0303168	
tt15347756	nm0318114	
tt15348386	nm0970351	
tt15356366	nm4412715	
tt15356366	nm4006887	
tt15356366	nm6319642	
tt15384406	nm1981832	
tt15384406	nm0815462	
tt15384406	nm0828538	
tt1539939	nm0390591	
tt1539939	nm0290336	
tt15409932	nm4711951	
tt15412126	nm1371570	
tt15412126	nm0553604	
tt15412126	nm1372956	
tt15412126	nm0659435	
tt15421498	nm1635032	
tt15422410	nm8595600	
tt15422410	nm1532234	
tt15422410	nm9501102	
tt15422410	nm10621328	
tt15422410	nm1022740	
tt15422410	nm11530354	
tt15422410	nm7167153	
tt15422410	nm3260406	
tt15422410	nm0503928	
tt15422410	nm1116201	
tt15464958	nm12955970	
tt15464958	nm12955969	
tt1549744	nm0575879	
tt15504102	nm0177672	
tt15504102	nm0492858	
tt15535862	nm0945112	
tt15566744	nm0779866	
tt15566744	nm5257212	
tt15566744	nm1997152	
tt15566744	nm0004806	
tt15689654	nm0125712	
tt15689654	nm0838029	
tt15689654	nm0281939	
tt15689654	nm0842104	
tt15694836	nm11578261	
tt15694836	nm11578255	
tt15694836	nm11578256	
tt15694836	nm3828128	
tt15700970	nm10908099	
tt15705550	nm11578261	
tt15705550	nm11578255	
tt15705550	nm11578256	
tt15705550	nm3828128	
tt15725170	nm0125712	
tt15725170	nm0838029	
tt15725170	nm0281939	
tt15725170	nm0842104	
tt15732528	nm11913723	
tt15770762	nm0001769	
tt15770762	nm0704472	
tt15791630	nm10356186	
tt15791630	nm2578007	
tt15791630	nm1966407	
tt15791630	nm2835957	
tt15791630	nm1728539	
tt15791630	nm0055003	
tt15791630	nm2832525	
tt15791630	nm2832473	
tt15791630	nm7211873	
tt15791630	nm2843700	
tt15805806	nm1041699	
tt15820120	nm13082114	
tt15950594	nm13091720	
tt16001180	nm0125712	
tt16001180	nm0838029	
tt16001180	nm0281939	
tt16001180	nm0842104	
tt1602662	nm0341110	
tt1602662	nm1101558	
tt1602662	nm0504776	
tt1602662	nm2109406	
tt1602662	nm0807544	
tt1602662	nm1094212	
tt16089560	nm1041699	
tt16115612	nm12747746	
tt1616263	nm1864866	
tt1616263	nm3824441	
tt1616263	nm2621185	
tt16200902	nm13071190	
tt16200902	nm5955616	
tt16200902	nm13171429	
tt16200902	nm13171458	
tt16200902	nm13171455	
tt16200902	nm5573374	
tt16200902	nm13171460	
tt16200902	nm13171351	
tt16245010	nm0445017	
tt16245010	nm0024720	
tt16245010	nm0067079	
tt16245010	nm0073217	
tt16245010	nm0076375	
tt16245010	nm0118011	
tt16245010	nm0160055	
tt16245010	nm0198948	
tt16245010	nm0301083	
tt16245010	nm0303168	
tt16274696	nm4389267	
tt16274696	nm13163823	
tt16274696	nm6936494	
tt16274850	nm0645212	
tt16274850	nm0038358	
tt16274850	nm1148757	
tt16274850	nm0299331	
tt16274850	nm0353717	
tt16274850	nm0385848	
tt16274850	nm0408346	
tt16274850	nm1100488	
tt16274850	nm0457533	
tt16274850	nm0620020	
tt16293246	nm0395285	
tt16302314	nm4449367	
tt16302314	nm9488960	
tt16302314	nm4377034	
tt16307124	nm13131752	
tt1630835	nm3876656	
tt1630835	nm0210916	
tt1630835	nm0256105	
tt1630835	nm3876099	
tt1630835	nm3875335	
tt1630835	nm1071135	
tt1630835	nm3876103	
tt1630835	nm6651502	
tt1630835	nm3875500	
tt1630835	nm3868520	
tt1653343	nm1227522	
tt1653343	nm0000107	
tt1653343	nm0069166	
tt1653343	nm0001005	
tt1655859	nm0538316	
tt1660273	nm0454117	
tt1660273	nm0793992	
tt1660273	nm1216345	
tt1660273	nm0008369	
tt1660273	nm1526504	
tt1660273	nm0409284	
tt1660273	nm0434596	
tt1660273	nm0441377	
tt16747572	nm2273524	
tt16766252	nm0059941	
tt16766252	nm2507102	
tt16766252	nm3635732	
tt16766252	nm0016089	
tt16766252	nm1855673	
tt16766252	nm1962540	
tt16766252	nm1728233	
tt1679332	nm0000654	
tt1679332	nm0000457	
tt1679332	nm0675730	
tt1679332	nm0905357	
tt1680387	nm0054837	
tt1680387	nm0103307	
tt1680387	nm0239197	
tt1680387	nm0672176	
tt1680387	nm0734509	
tt16807068	nm13279893	
tt16807068	nm13279878	
tt16807068	nm13209552	
tt16807068	nm0409384	
tt16807068	nm12299131	
tt16807068	nm13279891	
tt16807068	nm13252401	
tt16967408	nm0835791	
tt16967408	nm0354261	
tt16967408	nm0919327	
tt1698568	nm3439148	
tt1698568	nm0098045	
tt1698568	nm0237244	
tt1698568	nm3550488	
tt1708359	nm3041506	
tt1708359	nm3042731	
tt1708359	nm3808325	
tt1708359	nm1078479	
tt1709377	nm1627682	
tt1718158	nm0000206	
tt1718158	nm0636942	
tt1718158	nm2564938	
tt1718158	nm0839326	
tt1736710	nm0445313	
tt1736710	nm2675634	
tt1736710	nm1188907	
tt1736710	nm1683155	
tt1736710	nm1894922	
tt1736710	nm0004961	
tt1745683	nm0803791	
tt1745683	nm0724920	
tt1745683	nm0420703	
tt1745683	nm0773035	
tt17520068	nm3820938	
tt1752808	nm0261805	
tt1752808	nm1814260	
tt1752808	nm1081836	
tt1752808	nm0571561	
tt1752808	nm3286326	
tt1761951	nm3638557	
tt1761951	nm0835181	
tt1761951	nm0974832	
tt1761951	nm3597624	
tt1761951	nm0000691	
tt1761951	nm3645741	
tt1763141	nm1459999	
tt1763141	nm1413024	
tt1776207	nm0473508	
tt1776207	nm0105640	
tt1776207	nm0414215	
tt1776207	nm0777951	
tt1782278	nm0571160	
tt1782278	nm0507073	
tt1782278	nm0289130	
tt1782278	nm0587060	
tt1787038	nm2880354	
tt1787038	nm4197171	
tt1787038	nm4193742	
tt1787038	nm4175965	
tt1787038	nm4177245	
tt1787038	nm4183146	
tt1787038	nm4175782	
tt1787038	nm2571137	
tt1787038	nm2567683	
tt1801560	nm1451418	
tt18238458	nm0593047	
tt18238458	nm1789365	
tt18238458	nm0847388	
tt18238458	nm2910959	
tt1824782	nm4006712	
tt1824782	nm4005943	
tt18248500	nm0441972	
tt18271708	nm13410733	
tt18271708	nm4273503	
tt18271708	nm2530395	
tt18271708	nm13221539	
tt18271708	nm0249440	
tt18271708	nm2529598	
tt18271708	nm2525980	
tt18271708	nm4819397	
tt18271708	nm12633697	
tt18271708	nm11777018	
tt18281312	nm0023522	
tt18281312	nm6793763	
tt18281312	nm2150974	
tt18281312	nm9040089	
tt1828423	nm0039450	
tt1830928	nm4697649	
tt1830928	nm0780435	
tt1830928	nm1193098	
tt1830928	nm0000182	
tt1830928	nm0878911	
tt1830928	nm5609230	
tt1830928	nm5984004	
tt18312242	nm13906316	
tt18312242	nm4245411	
tt18314002	nm4827707	
tt18350620	nm4627263	
tt18350620	nm2472121	
tt18350620	nm6489926	
tt18350620	nm5620977	
tt18552846	nm2900549	
tt18552846	nm0815658	
tt18552846	nm1296472	
tt1856363	nm0001973	
tt1856363	nm0438882	
tt1856363	nm0594617	
tt1860091	nm11813369	
tt1860091	nm1223963	
tt1860091	nm4243669	
tt1860091	nm4833919	
tt1860091	nm4834402	
tt1860091	nm4585065	
tt1860091	nm4833804	
tt1860091	nm11765267	
tt1860091	nm11811989	
tt1862165	nm0145500	
tt1862165	nm0119209	
tt1862165	nm0612835	
tt1862165	nm0672950	
tt1862165	nm0421917	
tt1862165	nm0326069	
tt1862165	nm0032843	
tt1862165	nm0140660	
tt1862165	nm0515521	
tt1862165	nm0031183	
tt1862561	nm0648095	
tt1865695	nm0022852	
tt1865695	nm0512017	
tt1865695	nm0617399	
tt1865695	nm1512028	
tt18692162	nm0523529	
tt18692162	nm1245343	
tt1872689	nm4383842	
tt1872689	nm4382516	
tt1882005	nm0811776	
tt1891131	nm0685043	
tt1891131	nm3397445	
tt1915844	nm2031016	
tt1915844	nm4190364	
tt1915844	nm0580792	
tt1915844	nm0760653	
tt1916551	nm1166682	
tt1916551	nm1193687	
tt1916551	nm1812238	
tt1916551	nm0051578	
tt1916551	nm1060707	
tt1916551	nm13474747	
tt1916551	nm1067537	
tt1916551	nm3980269	
tt1916551	nm0475837	
tt1930844	nm3034977	
tt1930844	nm2875677	
tt1930844	nm0415024	
tt1930844	nm1468636	
tt1930844	nm0843381	
tt1930844	nm1589051	
tt1930844	nm0541120	
tt1931224	nm0011119	
tt1931224	nm0084340	
tt1931224	nm0514625	
tt1931224	nm3002693	
tt1931224	nm2185952	
tt1931224	nm2769258	
tt19353094	nm0860726	
tt1938068	nm0018368	
tt1938068	nm0166415	
tt1938068	nm0336531	
tt1938068	nm0642820	
tt19394612	nm0569758	
tt19394612	nm0630124	
tt19394612	nm0843381	
tt19394612	nm0662270	
tt19413332	nm1142519	
tt19413332	nm12020638	
tt19413332	nm0650394	
tt19413332	nm0894969	
tt19466126	nm2900549	
tt19466126	nm0815658	
tt19466126	nm1296472	
tt19497116	nm0031043	
tt1962274	nm1176125	
tt1962274	nm1426628	
tt1962274	nm1039097	
tt1962274	nm0900418	
tt1962274	nm1270824	
tt1962274	nm0142785	
tt1962274	nm6791638	
tt1963384	nm1363102	
tt1963384	nm0350039	
tt19753588	nm1344053	
tt19758786	nm10256221	
tt19758786	nm8920264	
tt19758786	nm8539500	
tt19758786	nm4809043	
tt19758786	nm7889237	
tt19758786	nm10549129	
tt19758786	nm13149739	
tt19758786	nm9176960	
tt19758786	nm11382630	
tt1976922	nm0935042	
tt1976922	nm0005143	
tt1976922	nm1245304	
tt1976922	nm0416673	
tt1976922	nm4399227	
tt1976922	nm4546154	
tt1976922	nm2860243	
tt1976922	nm0940430	
tt1983531	nm0684481	
tt1983531	nm4228687	
tt1983531	nm1471737	
tt1983531	nm2029096	
tt1983531	nm2017404	
tt1983531	nm4390914	
tt1983531	nm2180133	
tt1983531	nm2064095	
tt1983531	nm1842304	
tt1983531	nm2047802	
tt1993802	nm1074601	
tt1994832	nm0318114	
tt1994832	nm0871618	
tt2000727	nm0252655	
tt2000727	nm0209291	
tt2000727	nm0554660	
tt2000727	nm0127453	
tt2000727	nm0616311	
tt2000727	nm0668635	
tt2000727	nm0867327	
tt20117182	nm13639885	
tt20117182	nm13539878	
tt20117182	nm13639900	
tt20117182	nm12483511	
tt20117182	nm13639899	
tt20117182	nm12477724	
tt20117182	nm13639884	
tt2013336	nm2228697	
tt2013336	nm3267416	
tt2013336	nm2918674	
tt2013336	nm2563302	
tt2013336	nm2276736	
tt2013336	nm4562430	
tt2013336	nm4472614	
tt20231536	nm11146663	
tt20231536	nm13662320	
tt20231536	nm9404367	
tt20231536	nm13662321	
tt2044846	nm4595249	
tt2049823	nm4343336	
tt2049823	nm3786796	
tt20595660	nm10831367	
tt20595660	nm11020319	
tt20595660	nm2562357	
tt20595660	nm10638555	
tt20595660	nm11020327	
tt20595660	nm11001419	
tt2072473	nm0640669	
tt2072473	nm0826032	
tt20896222	nm11536944	
tt20896222	nm13740717	
tt20899872	nm13539853	
tt20899872	nm3036071	
tt20899872	nm13539849	
tt20899872	nm10656447	
tt20899872	nm13539850	
tt20899872	nm13539851	
tt20899872	nm13539844	
tt20899872	nm13539848	
tt20899872	nm10656445	
tt20899872	nm10656451	
tt21031142	nm0968656	
tt21031142	nm0419393	
tt21031142	nm3577779	
tt21081368	nm0170419	
tt21081368	nm1938977	
tt21081368	nm0391810	
tt21081368	nm0919994	
tt21203926	nm5355093	
tt21219350	nm12647756	
tt21219350	nm10625353	
tt21219350	nm9813876	
tt21266396	nm3014915	
tt21266396	nm0261101	
tt21266396	nm2519362	
tt21266396	nm0506804	
tt21339784	nm2830490	
tt21339784	nm3104115	
tt21339784	nm0423359	
tt21339784	nm1446749	
tt21339784	nm2677514	
tt21339784	nm2403731	
tt21401640	nm2830490	
tt21401640	nm10323970	
tt21401640	nm3195118	
tt21401640	nm8483455	
tt21401640	nm10839530	
tt21401640	nm2403731	
tt21401640	nm8483456	
tt21742102	nm0811571	
tt2178577	nm1388385	
tt2178577	nm1802816	
tt2178577	nm9988811	
tt2178577	nm1577263	
tt21832624	nm0811571	
tt21841490	nm0177846	
tt21841490	nm2360823	
tt21841490	nm2331494	
tt2191487	nm0004985	
tt2191487	nm0168312	
tt2191487	nm0004903	
tt2191487	nm0005143	
tt2191487	nm0879902	
tt2191487	nm0933798	
tt21918510	nm12010680	
tt21918922	nm10595214	
tt21918922	nm13701921	
tt2213962	nm8845546	
tt2213962	nm6064291	
tt2213962	nm5115188	
tt2213962	nm12104924	
tt2213962	nm8845549	
tt2213962	nm0013741	
tt2213962	nm1656108	
tt2213962	nm8845548	
tt2213962	nm13214708	
tt2213962	nm12526687	
tt22173154	nm0892320	
tt22191054	nm0233292	
tt22191054	nm0706567	
tt22191054	nm0768614	
tt22191054	nm0755054	
tt2232278	nm0640734	
tt2232278	nm0756929	
tt2232278	nm0001846	
tt2233747	nm0927833	
tt2233747	nm0072240	
tt2233747	nm0400259	
tt2233747	nm0400281	
tt2233747	nm0601308	
tt2233747	nm0347595	
tt2233747	nm0645599	
tt2233747	nm0679567	
tt2233747	nm0722416	
tt2233747	nm0771308	
tt2238480	nm0766316	
tt2238480	nm0847395	
tt2238480	nm1482259	
tt2238480	nm2196280	
tt22443846	nm0871070	
tt2244874	nm3701636	
tt2244874	nm4108882	
tt2244874	nm3681738	
tt2244874	nm5151612	
tt22449656	nm10519048	
tt22449656	nm7632748	
tt22449656	nm13430821	
tt22457658	nm12289814	
tt22457658	nm6584067	
tt22457658	nm10861502	
tt22457658	nm11145264	
tt22457658	nm14098919	
tt22457658	nm12513702	
tt22457658	nm2356257	
tt22457658	nm14098916	
tt22457658	nm12881004	
tt22457658	nm13518981	
tt2253231	nm0651219	
tt2271610	nm0133296	
tt2271610	nm1984718	
tt2271610	nm1988982	
tt2271610	nm1995305	
tt22798070	nm12545126	
tt22800354	nm3963147	
tt22800354	nm8221470	
tt22800354	nm10057575	
tt22800354	nm6208960	
tt22800354	nm12708426	
tt22800354	nm9037623	
tt22800354	nm14206229	
tt22800354	nm3908730	
tt22800354	nm8276571	
tt2284611	nm2762027	
tt2284611	nm0363451	
tt2296681	nm1723789	
tt2296681	nm2091031	
tt23028754	nm3029852	
tt23028754	nm11012215	
tt23028754	nm4249741	
tt23028754	nm1022002	
tt23051582	nm0090283	
tt23051582	nm9209146	
tt23051582	nm0430485	
tt23051582	nm5807496	
tt23051582	nm10547834	
tt23051582	nm1728860	
tt2305204	nm0377142	
tt2305204	nm0695777	
tt2305204	nm0298154	
tt23117694	nm1199107	
tt23117694	nm2222515	
tt23146886	nm1487892	
tt23146886	nm0652278	
tt23146886	nm1486188	
tt23146886	nm0513557	
tt23146886	nm1487620	
tt23146886	nm1455302	
tt2320568	nm3398759	
tt2320568	nm0190747	
tt2324226	nm0004985	
tt2324226	nm0004903	
tt2324226	nm0000161	
tt2324226	nm0005143	
tt2324226	nm1035682	
tt2324226	nm1630643	
tt23333964	nm1259124	
tt23333964	nm3299274	
tt23333964	nm5279667	
tt23333964	nm10697608	
tt23333964	nm2544181	
tt23333964	nm10834004	
tt23333964	nm11051430	
tt23333964	nm10541657	
tt23333964	nm0440758	
tt23333964	nm1338476	
tt2342562	nm1211256	
tt2342562	nm5224781	
tt2342562	nm2952006	
tt2343317	nm0898159	
tt2345038	nm0789485	
tt2345038	nm0084086	
tt2345038	nm0413859	
tt2345038	nm0033746	
tt2345038	nm0141659	
tt2345038	nm0004983	
tt2345038	nm0552189	
tt2345038	nm0746387	
tt2358928	nm1784744	
tt2358928	nm2418802	
tt2358928	nm4299623	
tt2358928	nm2474613	
tt2358928	nm3317666	
tt2359679	nm0924508	
tt2359679	nm2728724	
tt2359679	nm3339747	
tt2359679	nm4437593	
tt23632552	nm0025954	
tt23632552	nm0302080	
tt23632552	nm0274603	
tt23632552	nm0551784	
tt23632552	nm0695412	
tt23632552	nm1222840	
tt2369041	nm0012078	
tt2369041	nm0000185	
tt2369041	nm0399062	
tt2369041	nm5654903	
tt23729242	nm1833726	
tt23729242	nm0657251	
tt23729242	nm1109197	
tt23832096	nm4134328	
tt23832096	nm1903507	
tt23832096	nm8910575	
tt23832096	nm13937091	
tt23865480	nm7573970	
tt23865480	nm14289677	
tt2396967	nm5345246	
tt2396967	nm0123733	
tt2396967	nm2530433	
tt2396967	nm4384933	
tt2396967	nm2019597	
tt2396967	nm0248913	
tt2417784	nm5293698	
tt2417784	nm5293072	
tt2417784	nm5293559	
tt2417784	nm5292570	
tt2427982	nm0437612	
tt2427982	nm3411281	
tt2427982	nm5253442	
tt24365068	nm0746298	
tt24365068	nm0991651	
tt24365068	nm1274623	
tt24365068	nm1533504	
tt24365068	nm1111643	
tt2469846	nm0164818	
tt2469846	nm0527017	
tt2469846	nm0540103	
tt2469846	nm0556833	
tt2470474	nm0136994	
tt2470474	nm0164818	
tt2470474	nm0281224	
tt2470474	nm0540103	
tt2470474	nm0717265	
tt25491372	nm8882233	
tt25638326	nm0639232	
tt25638326	nm0525240	
tt25638326	nm0208296	
tt25638326	nm1174613	
tt25644656	nm2283682	
tt2615128	nm0414370	
tt2615128	nm0293283	
tt2615128	nm0377484	
tt2615128	nm0439507	
tt2615128	nm5451085	
tt2615128	nm5452313	
tt2615128	nm0861185	
tt26176872	nm0599473	
tt26176872	nm0136200	
tt26176872	nm0147810	
tt26176872	nm0273614	
tt26176872	nm0490307	
tt2625142	nm3013896	
tt2628290	nm5094339	
tt26349539	nm0308541	
tt26349539	nm0086247	
tt26349539	nm0503921	
tt26427014	nm1110676	
tt26427014	nm0955316	
tt26427014	nm0866189	
tt26427014	nm3981138	
tt26440457	nm0152061	
tt26440457	nm8861971	
tt26440457	nm14493327	
tt26440457	nm0013833	
tt26473620	nm10006004	
tt26489299	nm12785409	
tt26674953	nm5638149	
tt26674953	nm1794824	
tt26674953	nm2069739	
tt26674953	nm1947403	
tt26674953	nm3436182	
tt26678732	nm0250004	
tt26678732	nm0661094	
tt26678732	nm1172063	
tt26907089	nm0854199	
tt26907089	nm0453174	
tt26907089	nm0529922	
tt26907089	nm0669789	
tt2693654	nm2718346	
tt2693654	nm2081436	
tt2693654	nm2122885	
tt2693654	nm0993095	
tt2693654	nm5426933	
tt2693654	nm2547746	
tt2700400	nm1625478	
tt2700400	nm5513408	
tt2700400	nm5513698	
tt2700400	nm5513613	
tt2700400	nm0476429	
tt2722636	nm4456120	
tt2722636	nm0226583	
tt2722636	nm0543580	
tt2722636	nm1621052	
tt2763422	nm3862585	
tt2763422	nm2415533	
tt2763422	nm5536912	
tt2763422	nm5536873	
tt2820200	nm5355857	
tt2828940	nm0799193	
tt2828940	nm0487709	
tt2828940	nm0470121	
tt2828940	nm0555221	
tt2880692	nm0423538	
tt2900624	nm2327927	
tt2900624	nm2124399	
tt2900624	nm3861030	
tt2900624	nm2962059	
tt2903532	nm5676747	
tt2903532	nm5675861	
tt2903532	nm0342599	
tt2903532	nm5879480	
tt2903532	nm2449302	
tt2903532	nm1573635	
tt2903532	nm5020412	
tt2903532	nm4800942	
tt2971420	nm0225707	
tt3008454	nm1550337	
tt3008454	nm4164078	
tt3008454	nm1139715	
tt3008454	nm0103797	
tt3008454	nm4396075	
tt3008454	nm2991536	
tt3008454	nm0293967	
tt3008454	nm1399846	
tt3008454	nm3518830	
tt3041540	nm0865435	
tt3041540	nm0817602	
tt3041540	nm0668742	
tt3041540	nm0165346	
tt3041540	nm1065525	
tt3041540	nm0487265	
tt3041540	nm0031433	
tt3060698	nm2883954	
tt3060698	nm5638647	
tt3060698	nm2753680	
tt3060698	nm5102677	
tt3067124	nm0004985	
tt3067124	nm0001170	
tt3067124	nm0004903	
tt3067124	nm0005143	
tt3067124	nm0803021	
tt3067124	nm0000652	
tt3067124	nm0973888	
tt3069642	nm0141581	
tt3069642	nm1657489	
tt3069642	nm5817286	
tt3069642	nm0000053	
tt3126372	nm1172764	
tt3166872	nm2204178	
tt3184262	nm5430957	
tt3184262	nm5363045	
tt3184262	nm4435870	
tt3184262	nm5605802	
tt3184262	nm5944479	
tt3184262	nm5332366	
tt3184262	nm5793590	
tt3184262	nm2662765	
tt3184262	nm5400729	
tt3294064	nm1328621	
tt3294064	nm0088052	
tt3294064	nm0567805	
tt3294064	nm1629902	
tt3294064	nm1342761	
tt3294064	nm2783489	
tt3322438	nm2812175	
tt3322438	nm2585288	
tt3325440	nm1764169	
tt3325440	nm2150555	
tt3325440	nm4126894	
tt3325440	nm2978717	
tt3339578	nm0298515	
tt3339578	nm1519591	
tt3339578	nm2136659	
tt3339578	nm1202617	
tt3377750	nm0371354	
tt3377750	nm0391400	
tt3377750	nm0601401	
tt3377750	nm0728539	
tt3377750	nm0805785	
tt3402110	nm3721584	
tt3402110	nm1651494	
tt3402110	nm2412823	
tt3402110	nm1041999	
tt3421858	nm4512535	
tt3434918	nm2615988	
tt3506526	nm4378173	
tt3506526	nm2565645	
tt3506526	nm1303373	
tt3506526	nm1861650	
tt3563514	nm0918574	
tt3600524	nm6353106	
tt3600524	nm6353108	
tt3600524	nm6353109	
tt3600524	nm5829940	
tt3641852	nm1473442	
tt3665402	nm6424805	
tt3665402	nm6424801	
tt3665402	nm6424800	
tt3665402	nm7182378	
tt3716666	nm8445057	
tt3716666	nm0847758	
tt3716666	nm1707911	
tt3716666	nm5666983	
tt3716666	nm5479007	
tt3721670	nm5680369	
tt3721670	nm3790095	
tt3779898	nm2804487	
tt3779898	nm4418491	
tt3779898	nm4098239	
tt3779898	nm4418456	
tt3786148	nm1379364	
tt3786148	nm4409598	
tt3786148	nm1699158	
tt3786148	nm4802247	
tt3786148	nm4409436	
tt3786148	nm0043241	
tt3786148	nm2987477	
tt3809182	nm7204102	
tt3809182	nm4231730	
tt3809182	nm5419488	
tt3809182	nm4824204	
tt3809182	nm9822003	
tt3809182	nm9793366	
tt3809182	nm8245508	
tt3809182	nm8938104	
tt3811168	nm8012211	
tt3811168	nm5012793	
tt3811168	nm6042492	
tt3811168	nm5961837	
tt3858170	nm5333776	
tt3858170	nm5987635	
tt3858170	nm5398531	
tt3858170	nm4435870	
tt3858170	nm5357578	
tt3858170	nm3776110	
tt3858170	nm6625807	
tt3864666	nm0527836	
tt3864666	nm0087324	
tt3864666	nm0759992	
tt3864666	nm2386605	
tt3873362	nm3167317	
tt3873362	nm4531844	
tt3873362	nm3137135	
tt3873362	nm3589140	
tt3889962	nm5301063	
tt3889962	nm6654204	
tt3889962	nm6654175	
tt3889962	nm6654197	
tt3889962	nm6654196	
tt3889962	nm6654174	
tt3889962	nm6654210	
tt3920040	nm0163794	
tt3972792	nm6716709	
tt3972792	nm3496376	
tt3972792	nm6716703	
tt3972792	nm1778366	
tt4029018	nm0029239	
tt4029018	nm0119861	
tt4029018	nm0737332	
tt4029018	nm0168789	
tt4029018	nm0894123	
tt4029018	nm0888863	
tt4029018	nm0929720	
tt4029018	nm0888909	
tt4029018	nm0012615	
tt4068224	nm2960352	
tt4068224	nm0940182	
tt4068224	nm0281936	
tt4068224	nm0647016	
tt4068224	nm0219558	
tt4128710	nm0000063	
tt4128710	nm0621398	
tt4128710	nm0006573	
tt4128710	nm0911285	
tt4128710	nm0829044	Treasure Island
tt4226100	nm0020635	
tt4226100	nm0138021	
tt4226100	nm0177946	
tt4226100	nm0247143	
tt4232576	nm1401013	
tt4311182	nm3069557	
tt4311182	nm4952600	
tt4332894	nm4655938	
tt4332894	nm0867813	
tt4332894	nm4694270	
tt4332894	nm4693987	
tt4332894	nm1160591	
tt4332894	nm7036740	
tt4332894	nm0598184	
tt4395500	nm4859074	
tt4395500	nm0012661	
tt4395500	nm3077505	
tt4395500	nm1538100	
tt4395500	nm4590363	
tt4395500	nm0091688	
tt4395500	nm2392922	
tt4395500	nm0218272	
tt4395500	nm1767023	
tt4395500	nm1081141	
tt4405526	nm0113585	
tt4405526	nm0285576	
tt4405526	nm0549280	
tt4405526	nm0571979	
tt4405526	nm0943920	
tt4418638	nm1492596	
tt4483798	nm0811666	
tt4483798	nm2559359	
tt4483798	nm1600138	
tt4483798	nm1600139	
tt4483798	nm9307712	
tt4491456	nm0645048	
tt4491456	nm0175055	
tt4491456	nm0711710	
tt4491456	nm2351893	
tt4491456	nm1044906	
tt4491456	nm3676781	
tt4491456	nm7387567	
tt4491456	nm7460055	
tt4491456	nm0000158	
tt4491456	nm0942590	
tt4594234	nm4374978	
tt4594234	nm3504991	
tt4594234	nm4258045	
tt4594234	nm4725294	
tt4594234	nm6967836	
tt4594234	nm5875153	
tt4594234	nm1518139	
tt4594234	nm5462536	
tt4594234	nm3010336	
tt4648436	nm1216095	
tt4648436	nm0677603	
tt4671446	nm0499432	
tt4678064	nm0600747	
tt4678064	nm0766120	
tt4678064	nm0790466	
tt4678064	nm0051558	
tt4683316	nm7223516	
tt4720192	nm6539301	
tt4720192	nm2030376	
tt4720192	nm0037879	
tt4720192	nm7030017	
tt4720192	nm2475411	
tt4720192	nm4556702	
tt4720192	nm4399657	
tt4720192	nm5883112	
tt4720192	nm7004994	
tt4720192	nm2880030	
tt4723692	nm1731690	
tt4723692	nm1367065	
tt4723692	nm2549258	
tt4723692	nm2651530	
tt4756418	nm2067903	
tt4756418	nm0707431	
tt4756418	nm0538710	
tt4756418	nm0625986	
tt4756418	nm0493723	
tt4756418	nm0002005	The Murder Of Roger Ackroyd
tt4756418	nm0631410	
tt4756418	nm0955573	
tt4756418	nm1650118	
tt4779668	nm2937827	
tt4779668	nm1902302	
tt4779668	nm3090256	
tt4779668	nm3754515	
tt4779668	nm2937745	
tt4779668	nm2551219	
tt4779668	nm0302842	
tt4779668	nm1481309	
tt4779668	nm2551114	
tt4779668	nm3250167	
tt4787810	nm7349923	
tt4787810	nm10190147	
tt4854576	nm0816310	
tt4854576	nm2683037	
tt4854576	nm1437954	
tt4854576	nm2019555	
tt4854576	nm4784355	
tt4854576	nm8980295	
tt4854576	nm1289469	
tt4854576	nm0431681	
tt4854576	nm0546991	
tt4854576	nm0667054	
tt4882160	nm0832928	
tt4911502	nm4506267	
tt4911502	nm6653404	
tt4947716	nm2473719	
tt4966380	nm3268459	
tt5038754	nm4274083	
tt5038754	nm4728059	
tt5109456	nm0571979	
tt5109456	nm0020490	
tt5109456	nm0204425	
tt5109456	nm0358112	
tt5115848	nm0114740	
tt5115848	nm0212773	
tt5115848	nm0334297	
tt5115848	nm0381154	
tt5115848	nm0461095	
tt5172728	nm0005355	
tt5238698	nm0429550	
tt5238698	nm0429551	
tt5361840	nm0238478	
tt5361840	nm0002198	
tt5361840	nm1722878	
tt5361840	nm0168824	
tt5361840	nm0241469	
tt5361840	nm0745738	
tt5361840	nm1046729	
tt5361840	nm0845388	
tt5467666	nm7926568	
tt5495682	nm0527836	
tt5495682	nm0759992	
tt5495682	nm2084836	
tt5495682	nm4940278	
tt5517774	nm2558541	
tt5517774	nm5685098	
tt5517774	nm0716420	
tt5517774	nm1273916	
tt5517774	nm1273383	
tt5522248	nm7963683	
tt5522248	nm1655340	
tt5522248	nm2341409	
tt5522248	nm5303510	
tt5522248	nm7553004	
tt5522248	nm0014210	
tt5522248	nm5247993	
tt5522248	nm1696728	
tt5540030	nm1450562	
tt5566008	nm0741299	
tt5566008	nm0454730	
tt5566008	nm1294061	
tt5566008	nm6439942	
tt5572950	nm7756026	
tt5572950	nm3561049	
tt5572950	nm5709180	
tt5572950	nm8692415	
tt5594490	nm3236884	
tt5594490	nm6351795	
tt5594490	nm3164627	
tt5594490	nm7413410	
tt5594490	nm3177427	
tt5594490	nm5542761	
tt5594490	nm2275887	
tt5594490	nm6982686	
tt5626838	nm2633415	
tt5626838	nm0907863	
tt5638822	nm0519887	
tt5638822	nm5238736	
tt5782228	nm2337437	
tt5782228	nm0272899	
tt5782228	nm0217015	
tt5782228	nm1067411	
tt5797422	nm0103750	
tt5797422	nm3820235	
tt5797422	nm0542307	
tt5824010	nm0091053	
tt5824010	nm1322428	
tt5824010	nm1322627	
tt5824010	nm0269424	
tt5824010	nm0649297	
tt5824010	nm0713290	
tt5905344	nm1284690	
tt5905344	nm2481662	
tt5905344	nm4536795	
tt5905344	nm5526298	
tt5905344	nm4928333	
tt5905344	nm1523478	
tt5905344	nm0069783	
tt5917856	nm8320047	
tt5936882	nm6268162	
tt5936882	nm1799706	
tt5936882	nm0344993	
tt5936882	nm3743427	
tt5939660	nm0137265	
tt5939660	nm1120236	
tt5960816	nm1441172	
tt5960816	nm2587788	
tt5960816	nm0890622	
tt5963320	nm4785403	
tt5963320	nm11463955	
tt5963320	nm1960615	
tt5963320	nm5439659	
tt5963320	nm8179302	
tt5963320	nm3648133	
tt5963320	nm8359474	
tt5963320	nm0516525	
tt5963320	nm0317855	
tt5963320	nm5757406	
tt5967028	nm0020230	
tt5967028	nm2517636	
tt5967028	nm0541876	
tt5967028	nm1226273	
tt5967028	nm0821299	
tt6055682	nm0729153	
tt6055682	nm0350081	
tt6055682	nm0523574	
tt6070190	nm1709107	
tt6070190	nm0538792	
tt6070190	nm0904222	
tt6070190	nm0579840	
tt6070190	nm0812408	
tt6070190	nm0067429	
tt6070190	nm1465258	
tt6070190	nm1725979	
tt6078732	nm2798613	
tt6078732	nm1008015	
tt6089368	nm0000392	
tt6089368	nm0001672	
tt6089368	nm0786341	
tt6089368	nm0628400	
tt6089368	nm0001859	
tt6101380	nm1566152	
tt6101380	nm2353338	
tt6107904	nm8324850	
tt6122506	nm0222095	
tt6122506	nm0713073	
tt6122506	nm0109318	
tt6122506	nm0813827	
tt6122506	nm0212586	
tt6122506	nm0679539	
tt6122506	nm0206241	
tt6176086	nm2377802	
tt6176086	nm6117010	
tt6176086	nm0000967	
tt6176086	nm0203308	
tt6176086	nm0323773	
tt6176086	nm0374416	
tt6176086	nm0565971	
tt6176086	nm0451092	
tt6176086	nm1051295	
tt6176086	nm2931738	
tt6378460	nm0885219	
tt6382820	nm8679872	
tt6382820	nm8679873	
tt6383318	nm1310525	
tt6383318	nm1391738	
tt6383318	nm3641180	
tt6383318	nm3096062	
tt6383318	nm1262749	
tt6383318	nm1050757	
tt6454714	nm4541196	
tt6454714	nm1667295	
tt6454714	nm1991807	
tt6454714	nm1991550	
tt6454714	nm5589517	
tt6454714	nm3392732	
tt6454714	nm6506884	
tt6454714	nm6426920	
tt6454714	nm5753764	
tt6454714	nm0356927	
tt6506324	nm1313179	
tt6506324	nm0501466	
tt6506324	nm1205403	
tt6590932	nm0130587	
tt6590932	nm1078479	
tt6590932	nm0346181	
tt6590932	nm0508044	
tt6590932	nm0347595	
tt6600956	nm2940004	
tt6600956	nm1392367	
tt6600956	nm1649960	
tt6600956	nm3317812	
tt6600956	nm6431315	
tt6600956	nm6191307	
tt6601668	nm0510948	
tt6601668	nm1501263	
tt6601668	nm4369443	
tt6601668	nm3358781	
tt6625036	nm1390122	
tt6625036	nm1141657	
tt6625036	nm1135644	
tt6625036	nm0230714	
tt6625036	nm1564197	
tt6625036	nm2497627	
tt6626790	nm0000742	
tt6626790	nm0053895	
tt6626790	nm3463662	
tt6626790	nm0235185	
tt6626790	nm0004939	
tt6626790	nm2736296	
tt6626790	nm2950942	
tt6635750	nm0174121	
tt6635750	nm0021191	
tt6635750	nm0024766	
tt6635750	nm0053644	
tt6635750	nm0100580	
tt6639960	nm3925285	
tt6639960	nm8843450	
tt6639960	nm8881813	
tt6639960	nm8843452	
tt6639960	nm8843451	
tt6681272	nm6401783	
tt6794288	nm2157531	
tt6794288	nm6444358	
tt6794288	nm8928319	
tt6804856	nm2212897	
tt6804856	nm1421365	
tt6804856	nm8930473	
tt6804856	nm7021190	
tt6804856	nm4397848	
tt6804856	nm3350181	
tt6804856	nm1419716	
tt6804856	nm1695768	
tt6804856	nm2314323	
tt6804856	nm5128362	
tt6811374	nm1912381	
tt6811374	nm0024102	
tt6811374	nm7271695	
tt6811374	nm5487157	
tt6811374	nm3853780	
tt6815106	nm2235721	
tt6864274	nm3998347	
tt6864274	nm8976552	
tt6920848	nm0599840	
tt6954618	nm6038428	
tt6954618	nm8399616	
tt6954618	nm8350562	
tt6954618	nm8098923	
tt6954618	nm7899055	
tt6954618	nm8878993	
tt7007020	nm0131992	
tt7007020	nm0004856	
tt7007020	nm0975336	
tt7017256	nm0016798	
tt7017256	nm0034147	
tt7017256	nm0076241	
tt7017256	nm0083222	
tt7020844	nm0172921	
tt7020844	nm0555147	
tt7020844	nm0053532	
tt7020844	nm0076241	
tt7052906	nm0032955	
tt7052906	nm0145784	
tt7052906	nm0032954	
tt7052906	nm0812806	
tt7111450	nm9114431	
tt7111450	nm7423881	
tt7111450	nm1804421	
tt7111450	nm1353755	
tt7135982	nm0575509	
tt7135982	nm0063232	
tt7135982	nm0459332	
tt7135982	nm0090894	
tt7135982	nm0392757	
tt7135982	nm0856353	
tt7198674	nm0261544	
tt7198674	nm0201746	
tt7198674	nm0760095	
tt7198674	nm0148644	
tt7233114	nm0140538	
tt7233114	nm0722042	
tt7233114	nm1299147	
tt7233114	nm2069474	
tt7256484	nm3378435	
tt7256484	nm3749163	
tt7256484	nm0574296	
tt7256484	nm2465923	
tt7306654	nm0135121	
tt7306654	nm0484700	
tt7306654	nm0506527	
tt7306654	nm0251158	
tt7306654	nm0863114	
tt7306654	nm0248489	
tt7306654	nm0046438	
tt7306654	nm0871254	
tt7326528	nm0000194	
tt7326528	nm0640669	
tt7326528	nm1035396	
tt7326528	nm0000123	
tt7326528	nm0000354	
tt7326528	nm1209966	
tt7326528	nm2225369	
tt7381522	nm0722629	
tt7431034	nm2688953	
tt7431034	nm0036387	
tt7431034	nm0303368	
tt7431034	nm0353362	
tt7523030	nm1385656	
tt7523030	nm8421323	
tt7523030	nm8869974	
tt7523030	nm2450386	
tt7523030	nm6059851	
tt7524182	nm0742000	
tt7524182	nm0045298	
tt7524182	nm0958784	
tt7524182	nm0423053	
tt7524182	nm0647424	
tt7546190	nm1494900	
tt7546190	nm9365802	
tt7546190	nm2453866	
tt7546190	nm9365803	
tt7553018	nm0519887	
tt7553018	nm2588733	
tt7553018	nm2489155	
tt7553018	nm2775752	
tt7606842	nm0600076	
tt7606842	nm0057741	
tt7606842	nm0815529	
tt7606842	nm0951278	
tt7609544	nm9403531	
tt7609544	nm9403529	
tt7609544	nm9403530	
tt7609544	nm9403532	
tt7615604	nm0328492	
tt7615604	nm0173393	
tt7615604	nm0145517	
tt7615604	nm0750046	
tt7618834	nm1087514	
tt7618834	nm1741951	
tt7618834	nm0784589	
tt7618834	nm0866895	
tt7619290	nm5195603	
tt7619290	nm1299147	
tt7619290	nm2555462	
tt7665202	nm1532234	
tt7665202	nm3605664	
tt7665202	nm1530991	
tt7665202	nm0095017	
tt7665202	nm2872843	
tt7665202	nm3040878	
tt7665202	nm1081573	
tt7665202	nm3737930	
tt7694212	nm0121659	
tt7705948	nm6127585	
tt7705948	nm1044611	
tt7705948	nm4557341	
tt7705948	nm5802353	
tt7715682	nm1321778	
tt7715682	nm0755054	
tt7763718	nm0298439	
tt7763718	nm0799298	
tt7763718	nm0785047	
tt7763718	nm0763363	
tt7767872	nm9797970	
tt7791482	nm0958784	
tt7791482	nm0328132	
tt7791482	nm4260893	
tt7791482	nm0634439	
tt7810122	nm1005287	
tt7810122	nm0733474	
tt7810122	nm0834110	
tt7810122	nm1087639	
tt7810122	nm2676854	
tt7810122	nm1624232	
tt7810122	nm2954388	
tt7810122	nm4014014	
tt7859954	nm1025137	
tt7859954	nm0746298	
tt7859954	nm0785479	
tt7859954	nm1102629	
tt7872868	nm10418970	
tt7872868	nm10418971	
tt7872868	nm1595681	
tt7872868	nm5437292	
tt7872868	nm1495381	
tt7887820	nm6127585	
tt7887820	nm0816828	
tt7887820	nm0135121	
tt7887820	nm0896868	
tt7917776	nm0235914	
tt7917776	nm0055056	
tt7917776	nm0066909	
tt7917776	nm0079433	
tt7917776	nm0089882	
tt7917776	nm0180235	
tt7944840	nm5040642	
tt7944840	nm5756074	
tt7944840	nm9591496	
tt7957766	nm0119209	
tt7957766	nm0305589	
tt7957766	nm0421917	
tt7957766	nm0423053	
tt7957766	nm0606001	
tt7960984	nm0763228	
tt7960984	nm3660320	
tt7960984	nm1913217	
tt7960984	nm0554578	
tt7960984	nm0709216	
tt7960984	nm0328319	
tt8002438	nm0809952	
tt8013334	nm0170384	
tt8013334	nm0576662	
tt8013334	nm0350111	
tt8013334	nm1483226	
tt8025528	nm0052488	
tt8025528	nm0180556	
tt8025528	nm0032793	
tt8025528	nm0135126	
tt8049806	nm6001304	
tt8049806	nm7937148	
tt8049806	nm4702395	
tt8049806	nm8597772	
tt8049806	nm2432892	
tt8049806	nm8858365	
tt8053248	nm0216898	
tt8053248	nm1102629	
tt8053248	nm0600081	
tt8056852	nm0673205	
tt8056852	nm1058545	
tt8056852	nm6994786	
tt8056852	nm3621232	
tt8111822	nm3823828	
tt8111822	nm1117699	
tt8111822	nm5097920	
tt8111822	nm4798643	
tt8111822	nm6563985	
tt8111822	nm7255826	
tt8111822	nm5079170	
tt8111822	nm9319221	
tt8111822	nm7769317	
tt8186026	nm0087254	
tt8186026	nm0535748	
tt8186026	nm1690516	
tt8186026	nm1025137	
tt8186026	nm0735767	
tt8225916	nm0060705	
tt8225916	nm0244569	
tt8225916	nm0519933	
tt8225916	nm2709992	
tt8235956	nm1472389	
tt8235956	nm3625474	
tt8235956	nm1799706	
tt8235956	nm0675618	
tt8235956	nm2591542	
tt8256904	nm0891830	
tt8256904	nm0273773	
tt8256904	nm0013679	
tt8256904	nm0612835	
tt8256904	nm0767416	
tt8261190	nm0736110	
tt8261190	nm0078069	
tt8261190	nm0611881	
tt8261190	nm0894052	
tt8270714	nm0575754	
tt8270714	nm0599478	
tt8270714	nm0657221	
tt8270714	nm0709315	
tt8270714	nm0792135	
tt8278390	nm0926627	
tt8278390	nm0962202	
tt8321146	nm0314078	
tt8321146	nm0843684	
tt8321146	nm1011002	
tt8321146	nm0553431	
tt8372472	nm1195425	
tt8415890	nm9838264	
tt8415890	nm4963023	
tt8415890	nm9838262	
tt8617314	nm0239134	
tt8617314	nm0685123	
tt8617314	nm0135629	
tt8617314	nm0608371	
tt8630740	nm0188123	
tt8630740	nm0206898	Senhora
tt8630740	nm0599350	
tt8630740	nm0206914	
tt8644474	nm6584709	
tt8644474	nm3213904	
tt8656264	nm7079003	
tt8656264	nm7294634	
tt8656264	nm7905928	
tt8656264	nm6097072	
tt8656264	nm8660109	
tt8656264	nm6631784	
tt8656264	nm9760526	
tt8656264	nm10941044	
tt8656264	nm7110060	
tt8656264	nm10055811	
tt8659914	nm1928254	
tt8659914	nm2587919	
tt8659914	nm6471972	
tt8659914	nm9732561	
tt8659914	nm4171577	
tt8659914	nm0057920	
tt8659914	nm9965076	
tt8661306	nm3531798	
tt8701996	nm0049325	
tt8701996	nm0535676	
tt8701996	nm0117564	
tt8701996	nm0546997	
tt8701996	nm0815154	
tt8701996	nm0929093	
tt8705128	nm0142438	
tt8705128	nm0212126	
tt8705128	nm0276910	
tt8705128	nm0279152	
tt8712998	nm9979417	
tt8712998	nm9979415	
tt8712998	nm9979414	
tt8712998	nm8342638	
tt8730594	nm0702448	
tt8730594	nm0576967	
tt8730594	nm0602425	
tt8730594	nm0212126	
tt8730594	nm0896697	
tt8734274	nm0535676	
tt8734274	nm0212398	
tt8734274	nm0227735	
tt8734274	nm0272801	
tt8734274	nm0481342	
tt8734274	nm0324690	Taras Bulba
tt8741436	nm0265155	
tt8741436	nm0868100	
tt8741436	nm0285071	
tt8741436	nm0265825	
tt8767596	nm4959807	
tt8767596	nm10012081	
tt8767596	nm10012084	
tt8767596	nm1645772	
tt8785544	nm0190372	
tt8785544	nm0313224	
tt8785544	nm0374985	
tt8838574	nm4853381	
tt8838574	nm7024798	
tt8838574	nm1264521	
tt8838574	nm1469010	
tt8871596	nm0272791	
tt8871596	nm0239134	
tt8871596	nm0265155	
tt8871596	nm0481342	
tt8871596	nm0615452	
tt8889746	nm0008107	
tt8889746	nm0013409	
tt8889746	nm1303983	
tt8889746	nm0028007	
tt8893944	nm4593735	
tt8893944	nm0211482	
tt8893944	nm3514816	
tt8893944	nm7412582	
tt8893944	nm7233991	
tt8893944	nm7412583	
tt8893944	nm7471734	
tt8893944	nm7209820	
tt8893944	nm1918841	
tt8893944	nm7294634	
tt8899032	nm0031709	
tt8937422	nm11239202	
tt8957242	nm9774232	
tt8957242	nm9774233	
tt8957242	nm9774234	
tt8957242	nm9774235	
tt8957242	nm9774236	
tt8957242	nm9774237	
tt8957894	nm0090123	
tt8957894	nm0207257	
tt8957894	nm0276465	
tt8957894	nm0578057	
tt8984258	nm0554984	
tt8984258	nm0133213	
tt8984258	nm0346004	
tt8984258	nm0642588	
tt8984258	nm0489739	
tt8984258	nm0197198	
tt8984258	nm0009889	
tt9039552	nm0709095	
tt9039552	nm0123733	
tt9039552	nm1959563	
tt9039552	nm0247727	
tt9039552	nm1567142	
tt9039552	nm0380665	
tt9039552	nm0397731	
tt9039552	nm0001370	
tt9039552	nm0512455	
tt9039552	nm0597450	
tt9047920	nm0346485	
tt9087904	nm1251036	
tt9087904	nm9665362	
tt9087904	nm0760883	
tt9087904	nm3040135	
tt9091734	nm10174528	
tt9091734	nm10147783	
tt9091734	nm2333860	
tt9091734	nm3369166	
tt9095460	nm1566328	
tt9095460	nm1302484	
tt9095460	nm2377135	
tt9095460	nm1717757	
tt9096818	nm4905017	
tt9096818	nm0076922	
tt9096818	nm4587334	
tt9096818	nm0829594	
tt9113140	nm0527769	
tt9113140	nm0349472	
tt9113140	nm0527768	
tt9113140	nm0349605	
tt9113140	nm0346766	
tt9113140	nm0033043	
tt9118906	nm0667065	
tt9118906	nm0735766	
tt9118906	nm0032633	
tt9137814	nm1941140	
tt9145364	nm10189876	
tt9145364	nm1176865	
tt9145364	nm0318114	
tt9145364	nm10198745	
tt9173964	nm6775094	
tt9193386	nm0530249	
tt9193386	nm1001755	
tt9193386	nm2818727	
tt9193386	nm2923257	
tt9254144	nm0029577	
tt9254144	nm1245447	
tt9254144	nm1009405	
tt9254144	nm1029102	
tt9285692	nm3197404	
tt9285692	nm5157003	
tt9285692	nm3050327	
tt9285692	nm5093034	
tt9400474	nm3814795	
tt9400474	nm3818168	
tt9400474	nm2633876	
tt9453664	nm1424407	
tt9453664	nm0678683	
tt9453664	nm4464304	
tt9459562	nm1165539	
tt9459562	nm3631924	
tt9459562	nm0300902	
tt9459562	nm3102213	
tt9517408	nm4274083	
tt9517408	nm0014426	
tt9517408	nm7390575	
tt9517408	nm1844111	
tt9517408	nm5813583	
tt9528436	nm3724910	
tt9528436	nm5090026	
tt9528436	nm8493385	
tt9537594	nm9529433	
tt9537594	nm0770333	
tt9545388	nm3772224	
tt9545388	nm2295024	
tt9545388	nm2281645	
tt9545388	nm1028114	
tt9548014	nm0000173	
tt9548014	nm1813440	
tt9550348	nm3266068	
tt9550348	nm1412908	
tt9550348	nm3005544	
tt9550348	nm3229679	
tt9554968	nm3772224	
tt9554968	nm2295024	
tt9554968	nm2281645	
tt9554968	nm1028114	
tt9605920	nm1338491	
tt9605920	nm6089165	
tt9605920	nm1764201	
tt9644392	nm6027604	
tt9650290	nm3030100	
tt9650290	nm0304093	
tt9650290	nm0348490	
tt9650290	nm8245507	
tt9650290	nm8245508	
tt9654972	nm0199258	
tt9654972	nm0443541	
tt9687322	nm4945921	
tt9687322	nm7555408	
tt9687322	nm7555411	
tt9687322	nm7555409	
tt9693678	nm0845120	
tt9693678	nm1522208	
tt9693678	nm2152941	
tt9693678	nm2735069	
tt9694388	nm0359942	
tt9694388	nm0118840	
tt9694388	nm0058429	
tt9698202	nm10321000	
tt9706688	nm10472054	
tt9706978	nm7436772	
tt9753002	nm4870321	
tt9753002	nm7917379	
tt9753002	nm4685278	
tt9753002	nm7539023	
tt9765390	nm2175438	
tt9765390	nm0473253	
tt9767292	nm2284072	
tt9767292	nm5013143	
tt9767292	nm5012246	
tt9767292	nm3575176	
tt9767418	nm0160787	
tt9767418	nm0331740	
tt9777568	nm10470143	
tt9777568	nm10474291	
tt9777568	nm1176865	
tt9777568	nm10212916	
tt9824788	nm3056551	
tt9824788	nm7409438	
tt9824788	nm8322315	
tt9824788	nm8322316	
tt9826396	nm0008084	
tt9826396	nm4443305	
tt9826396	nm1736406	
tt9826396	nm6440890	
tt9837290	nm1742436	
tt9859616	nm10516464	
tt9859616	nm7344694	
tt9859616	nm8305516	
tt9859616	nm7522972	
tt9859616	nm0497757	
tt9859616	nm8169607	
tt9859616	nm8385471	
tt9859616	nm10516465	
tt9859616	nm10516466	
tt9859616	nm10516467	
tt9898408	nm6159254	
tt9898408	nm10497761	
tt9898408	nm7021525	
tt9898408	nm3272008	
tt9898408	nm10497762	
tt9905086	nm1152785	
